,0
0,https://www.onepa.sg/class/details/c026728461
1,https://www.onepa.sg/class/details/c026728503
2,https://www.onepa.sg/class/details/c026728500
3,https://www.onepa.sg/class/details/c026728494
4,https://www.onepa.sg/class/details/c026728492
5,https://www.onepa.sg/class/details/c026725976
6,https://www.onepa.sg/class/details/c026726644
7,https://www.onepa.sg/class/details/c026726661
8,https://www.onepa.sg/class/details/c026726658
9,https://www.onepa.sg/class/details/c026726652
10,https://www.onepa.sg/class/details/c026726646
11,https://www.onepa.sg/class/details/c026725954
12,https://www.onepa.sg/class/details/c026725932
13,https://www.onepa.sg/class/details/c026725958
14,https://www.onepa.sg/class/details/c026725975
15,https://www.onepa.sg/class/details/c026725971
16,https://www.onepa.sg/class/details/c026724213
17,https://www.onepa.sg/class/details/c026723212
18,https://www.onepa.sg/class/details/c026723165
19,https://www.onepa.sg/class/details/c026715800
20,https://www.onepa.sg/class/details/c026715778
21,https://www.onepa.sg/class/details/c026728461
22,https://www.onepa.sg/class/details/c026728503
23,https://www.onepa.sg/class/details/c026728500
24,https://www.onepa.sg/class/details/c026728494
25,https://www.onepa.sg/class/details/c026728492
26,https://www.onepa.sg/class/details/c026725976
27,https://www.onepa.sg/class/details/c026726644
28,https://www.onepa.sg/class/details/c026726661
29,https://www.onepa.sg/class/details/c026726658
30,https://www.onepa.sg/class/details/c026726652
31,https://www.onepa.sg/class/details/c026726646
32,https://www.onepa.sg/class/details/c026725954
33,https://www.onepa.sg/class/details/c026725932
34,https://www.onepa.sg/class/details/c026725958
35,https://www.onepa.sg/class/details/c026725975
36,https://www.onepa.sg/class/details/c026725971
37,https://www.onepa.sg/class/details/c026724213
38,https://www.onepa.sg/class/details/c026723212
39,https://www.onepa.sg/class/details/c026723165
40,https://www.onepa.sg/class/details/c026715800
41,https://www.onepa.sg/class/details/c026715778
42,https://www.onepa.sg/class/details/c026728461
43,https://www.onepa.sg/class/details/c026728503
44,https://www.onepa.sg/class/details/c026728500
45,https://www.onepa.sg/class/details/c026728494
46,https://www.onepa.sg/class/details/c026728492
47,https://www.onepa.sg/class/details/c026725976
48,https://www.onepa.sg/class/details/c026726644
49,https://www.onepa.sg/class/details/c026726661
50,https://www.onepa.sg/class/details/c026726658
51,https://www.onepa.sg/class/details/c026726652
52,https://www.onepa.sg/class/details/c026726646
53,https://www.onepa.sg/class/details/c026725954
54,https://www.onepa.sg/class/details/c026725932
55,https://www.onepa.sg/class/details/c026725958
56,https://www.onepa.sg/class/details/c026725975
57,https://www.onepa.sg/class/details/c026725971
58,https://www.onepa.sg/class/details/c026724213
59,https://www.onepa.sg/class/details/c026723212
60,https://www.onepa.sg/class/details/c026723165
61,https://www.onepa.sg/class/details/c026715800
62,https://www.onepa.sg/class/details/c026715778
